First Name,Last Name
Elizabeth,Young
Evelyn,Smith
Stephanie,Allen
Husna,Taylor
Benjamin,Miller
Evelyn,Davis
Salim,Smith
Amelia,Harris
Naseem,White
Elizabeth,Thomas
Elijah,Allen
Zainab,Thomas
Henry,Smith
Oliver,Jones
Evelyn,Allen
Alexander,Thomas
Khadijah,Johnson
Elijah,Jackson
Nathaniel,Taylor
Isabelle,Martin
Faisal,Smith
Nadira,Anderson
Alexander,Moore
Nicholas,Miller
Oliver,Taylor
Gabriella,White
Elijah,Anderson
Liam,Jones
Liam,Jackson
Amelia,Moore
Charlotte,Brown
Hamza,Thompson
Aaliyah,Young
Ibrahim,Davis
Ava,Garcia
Liam,Smith
Gabriella,Allen
Genevieve,Garcia
Charlotte,Young
Ava,White
Jamila,Johnson
Sophia,Young
Elizabeth,White
Rashida,Martin
Khadijah,Jones
William,Moore
Amelia,Anderson
Aaliyah,Harris
Isabella,Garcia
Stephanie,Miller
Jonathan,Jones
Jonathan,Jackson
Genevieve,Smith
Aaliyah,Thompson
Evelyn,Thomas
Rashida,Jones
Evelyn,Miller
Cameron,Davis
Henry,Jackson
Tariq,Jones
Faisal,Thompson
Nadira,Thomas
Lucas,Moore
Husna,Moore
Katherine,Young
Rashida,Anderson
Genevieve,Young
Rashida,Thomas
Cameron,Jones
Madeline,Miller
Genevieve,Martin
Isabelle,Brown
Isabelle,Thomas
Olivia,Martinez
Ibrahim,Jones
Cameron,White
Fatimah,Brown
Mia,White
Charlotte,Smith
Kareem,White
Fatimah,Allen
Zainab,Davis
Zachary,Moore
Ismail,Harris
Faisal,Allen
Aaliyah,Jones
Emma,Moore
Mia,Williams
Elijah,Thompson
Evelyn,Thompson
Lucas,Smith
Khadijah,Miller
Jamila,White
Mia,Johnson
Jamila,Williams
Noah,Anderson
Tariq,Taylor
Ismail,Smith
Rafiq,Jackson
Rafiq,Thompson
Husna,White
Oliver,Williams
Husna,Harris
Husna,Williams
Noah,Davis
Stephanie,Taylor
Zachary,Anderson
Sophia,Allen
Faisal,Young
Nicholas,Jackson
Penelope,Smith
Ismail,Martinez
Jamila,Taylor
Elijah,Williams
Ismail,Davis
Ibrahim,Thompson
Mia,Garcia
Rafiq,Allen
Charlotte,Jones
Genevieve,Thomas
Alexander,Allen
Mia,Harris
Hassan,Thomas
Evelyn,Taylor
Mia,Miller
Penelope,Thomas
Hamza,Brown
Tariq,Thompson
Nathaniel,Miller
Sophia,Harris
Mohammed,Taylor
Nadira,Martinez
Rashida,Brown
Salim,Thompson
Samirah,Anderson
Oliver,White
Cameron,Anderson
Zachary,White
Nicholas,Young
Cameron,Moore
Hamza,Williams
Mia,Thomas
Rafiq,Martin
William,Davis
Dominique,Smith
Kareem,Taylor
Ava,Harris
Salim,White
Oliver,Young
Yasmeen,Jackson
Husna,Anderson
Fatimah,Davis
Nathaniel,Davis
Stephanie,Smith
Zainab,Taylor
Hassan,Williams
Charlotte,Miller
Henry,Brown
Salim,Young
Elizabeth,Allen
William,Miller
Zachary,Jones
Tariq,Young
Ibrahim,Brown
Naseem,Thomas
Oliver,Harris
Zainab,Allen
James,Smith
Basheer,Martinez
Sophia,Taylor
Samirah,Jones
Naseem,Brown
Jonathan,Moore
Penelope,Brown
Isabella,Jones
Rashida,Young
Dominique,Davis
Genevieve,Moore
Nadira,Taylor
Ismail,White
Oliver,Johnson
Tariq,Martin
Nadira,Smith
Charlotte,Allen
Hassan,Moore
Yasmeen,Young
Mustafa,Garcia
Zachary,Thomas
Ava,Jackson
James,Miller
Jonathan,Johnson
Zainab,Jackson
Ava,Martin
Penelope,Martin
Ibrahim,Anderson
Harper,Brown
Jamila,Moore
Nadira,Martin
Kareem,Miller
Basheer,Harris
Isabella,Brown
Sophia,Brown
Stephanie,Brown
Henry,Allen
Amelia,Garcia
William,Jones
Harper,Johnson
Nicholas,Davis
Nathaniel,Young
Zachary,Martin
Rashida,Johnson
Olivia,Taylor
James,Brown
James,Garcia
Tariq,Moore
Ava,Brown
Aaliyah,Garcia
Basheer,Davis
Yasmeen,Taylor
Mustafa,Miller
Mustafa,Martin
William,Jackson
Gabriella,Jones
Sophia,Jones
Elijah,Moore
Harper,Taylor
Mohammed,Moore
Elizabeth,Garcia
Mia,Moore
Stephanie,Harris
Alexander,Smith
Emma,Jackson
Hassan,Brown
Aaliyah,Smith
Yasmeen,Brown
Nadira,Garcia
Samirah,White
Dominique,Harris
Ismail,Young
Isabelle,Johnson
Naseem,Smith
Zubair,Davis
Aaliyah,White
Amelia,Miller
Elijah,Martin
Fatimah,Martinez
Rafiq,Davis
Rashida,Taylor
Hamza,Taylor
Katherine,Brown
Zachary,Harris
Ismail,Miller
Salim,Martin
Penelope,Taylor
Jamila,Thompson
William,Taylor
Hassan,Allen
Rafiq,Williams
Henry,Garcia
Jonathan,Taylor
Benjamin,Garcia
Emma,White
Ava,Allen
Rashida,Martinez
Ibrahim,Young
Elijah,Martinez
Mustafa,Martinez
Evelyn,Young
Emma,Brown
Madeline,Jackson
Ismail,Jackson
Ibrahim,White
Emma,Taylor
Cameron,Brown
Emma,Johnson
Stephanie,Martin
Faisal,Harris
William,Thompson
Nicholas,White
Aaliyah,Anderson
Fatimah,Jones
Khadijah,Allen
Mohammed,Garcia
Zainab,Thompson
Samirah,Smith
Samirah,Young
Henry,Thompson
Harper,Smith
Samirah,Miller
Sophia,Williams
Benjamin,Young
Husna,Garcia
Sophia,Jackson
Dominique,Moore
Amelia,Thompson
Salim,Allen
Kareem,Williams
Olivia,White
Tariq,Allen
Zainab,Harris
Benjamin,Smith
Hamza,Davis
Khadijah,Moore
Elijah,Taylor
Noah,Garcia
Samirah,Martin
Madeline,Jones
Jonathan,Martin
Sophia,Smith
Salim,Miller
Emma,Allen
Madeline,Smith
Noah,Jones
Ava,Thomas
Nicholas,Taylor
Katherine,Moore
Aaliyah,Martin
Nadira,Allen
Mustafa,Brown
Tariq,Johnson
Dominique,Brown
Jamila,Allen
Fatimah,Williams
Naseem,Allen
Husna,Brown
Kareem,Davis
Elijah,Miller
Alexander,Taylor
Lucas,White
Jamila,Smith
Husna,Jackson
Elijah,Harris
Elizabeth,Smith
Dominique,White
Liam,Williams
Zubair,Brown
Ismail,Martin
Benjamin,Moore
Liam,Anderson
Olivia,Brown
Evelyn,Harris
Olivia,Smith
Naseem,Anderson
Cameron,Jackson
Ava,Young
Jamila,Thomas
Zainab,Jones
Hassan,Harris
Penelope,Allen
Hamza,Garcia
Salim,Davis
Harper,Garcia
Tariq,Jackson
Nicholas,Harris
Benjamin,Allen
Tariq,Williams
Nathaniel,Smith
Isabella,Jackson
Husna,Young
Lucas,Martin
Naseem,Harris
Zachary,Young
Sophia,Anderson
Amelia,Martinez
Zainab,Miller
Nicholas,Thomas
Salim,Brown
Ismail,Jones
Mohammed,Johnson
Zubair,Miller
Fatimah,Garcia
Isabella,Miller
Basheer,Young
Zainab,Williams
Nicholas,Smith
Oliver,Moore
Tariq,White
Noah,Allen
Charlotte,Taylor
Isabella,Johnson
Noah,Thompson
Hassan,Martinez
Isabella,Allen
Jonathan,Davis
Salim,Williams
Mohammed,Miller
Basheer,Anderson
Aaliyah,Brown
Zubair,Martinez
James,Davis
Sophia,Davis
Rashida,Smith
Jamila,Harris
William,Thomas
Ismail,Williams
Hamza,Johnson
Khadijah,Brown
Hassan,Martin
Tariq,Garcia
Samirah,Moore
James,Moore
Genevieve,Miller
Jonathan,Harris
Henry,Miller
Basheer,Thomas
Fatimah,Martin
Liam,Harris
Mohammed,White
Zubair,Allen
Yasmeen,Allen
James,Johnson
Gabriella,Martin
Kareem,Moore
Nadira,White
Naseem,Garcia
Oliver,Garcia
Naseem,Williams
Noah,Williams
Emma,Harris
Charlotte,White
Rafiq,Thomas
Henry,Harris
Alexander,Miller
Samirah,Johnson
Salim,Jackson
Nicholas,Brown
Yasmeen,Anderson
Nadira,Davis
Jamila,Martinez
James,Allen
Olivia,Jones
Kareem,Martinez
Isabelle,Jones
Evelyn,White
Gabriella,Garcia
Dominique,Taylor
Ava,Thompson
Nadira,Williams
James,Thompson
Zainab,Moore
Dominique,Garcia
Rashida,Thompson
Liam,Brown
Mustafa,Harris
Olivia,Young
Nathaniel,White
Samirah,Brown
Elijah,Garcia
Rafiq,Garcia
Liam,Martin
Lucas,Martinez
Mustafa,Johnson
Isabella,Thomas
Noah,Johnson
Khadijah,Davis
Jamila,Jackson
Ava,Jones
Penelope,Jackson
Yasmeen,Smith
Lucas,Jones
Mia,Allen
Ameenah,Williams
Henry,Martin
Ameenah,Thompson
Ibrahim,Moore
Ibrahim,Garcia
Benjamin,Taylor
Katherine,Harris
Hassan,Smith
Faisal,Jones
Charlotte,Thomas
Samirah,Taylor
Emma,Thompson
Yasmeen,Jones
Lucas,Miller
Ava,Smith
Isabella,Smith
Ameenah,Johnson
Faisal,Garcia
William,Martinez
Henry,Young
Rafiq,Anderson
Oliver,Jackson
Evelyn,Martin
Alexander,White
Jamila,Jones
Dominique,Young
Jonathan,Brown
Rafiq,Smith
Rashida,Allen
Salim,Moore
William,Johnson
Ava,Miller
Hamza,Miller
Zachary,Taylor
Salim,Anderson
Tariq,Thomas
Mia,Martinez
Sophia,Thompson
Aaliyah,Miller
Ava,Taylor
Dominique,Allen
Zachary,Miller
Katherine,Miller
Amelia,Jones
Ismail,Taylor
Kareem,Brown
Amelia,Young
Kareem,Garcia
Penelope,Johnson
Yasmeen,Miller
Liam,Taylor
Aaliyah,Taylor
Madeline,Harris
Nadira,Harris
Lucas,Anderson
Hassan,Johnson
Husna,Thomas
Zachary,Jackson
Zainab,Martinez
Zainab,Brown
Aaliyah,Jackson
Fatimah,Thompson
Isabelle,Taylor
Ameenah,Jones
Liam,Thompson
Isabella,Young
Amelia,Martin
Samirah,Harris
Aaliyah,Thomas
Elizabeth,Davis
Yasmeen,Thomas
Tariq,Anderson
Hassan,Anderson
Liam,Miller
Basheer,Martin
Olivia,Anderson
Hamza,White
Aaliyah,Allen
Fatimah,Thomas
Mia,Martin
Emma,Young
Katherine,Garcia
Fatimah,Taylor
Mohammed,Jackson
Mohammed,Davis
Mia,Thompson
Madeline,Moore
Nathaniel,Martin
Tariq,Smith
Husna,Smith
Khadijah,White
Mohammed,Allen
Yasmeen,Thompson
James,Williams
Ameenah,Young
Mustafa,Jones
Oliver,Miller
Evelyn,Jackson
Mustafa,Thompson
Harper,Moore
Harper,Jones
Olivia,Thomas
Basheer,Garcia
Harper,White
Mia,Jackson
Elizabeth,Harris
Harper,Davis
Mohammed,Young
Harper,Harris
Aaliyah,Davis
Katherine,Jones
Liam,Young
Elijah,White
Mustafa,Williams
William,Harris
Rafiq,Jones
Zubair,Jones
Zachary,Thompson
Madeline,Brown
Naseem,Martinez
Alexander,Young
Mustafa,Anderson
Harper,Williams
Naseem,Jones
Isabelle,Moore
Faisal,Williams
Madeline,Davis
Salim,Jones
James,Anderson
Gabriella,Smith
Evelyn,Williams
Naseem,Young
Katherine,Taylor
Zainab,Smith
Amelia,Thomas
Mohammed,Jones
Emma,Martin
Basheer,Taylor
Rafiq,White
Naseem,Thompson
Emma,Williams
Tariq,Harris
Gabriella,Harris
Benjamin,Johnson
Kareem,Anderson
Nicholas,Moore
Faisal,Anderson
Faisal,Jackson
Isabella,Taylor
Zubair,Thompson
Ameenah,Garcia
Genevieve,Taylor
Jamila,Martin
James,Thomas
Stephanie,Garcia
Yasmeen,Davis
Isabella,Martin
Gabriella,Thomas
Ameenah,Martin
Nadira,Jackson
Ibrahim,Miller
Fatimah,Jackson
Liam,Allen
Zainab,Garcia
Samirah,Williams
Katherine,Martin
Hamza,Thomas
Madeline,Johnson
James,Jackson
William,Allen
Elizabeth,Taylor
Madeline,Martin
Genevieve,White
Evelyn,Brown
Nicholas,Allen
Zubair,Smith
Amelia,Taylor
Noah,Miller
Nicholas,Johnson
Charlotte,Garcia
Yasmeen,Johnson
Henry,Thomas
Kareem,Thomas
Rashida,Moore
Samirah,Thompson
Khadijah,Smith
Zainab,Johnson
Kareem,Allen
Zainab,Anderson
Olivia,Williams
Alexander,Brown
William,Smith
Faisal,White
William,Young
Elizabeth,Miller
Hamza,Martinez
Mohammed,Harris
Aaliyah,Williams
Hassan,Jackson
Nadira,Thompson
Zubair,Young
Kareem,Martin
Benjamin,Martin
Oliver,Thomas
Harper,Martin
Kareem,Smith
Faisal,Davis
Mustafa,Young
Jonathan,Young
Rashida,Miller
Elijah,Smith
Sophia,Martinez
Khadijah,Garcia
Salim,Garcia
Gabriella,Moore
Naseem,Martin
Samirah,Thomas
Alexander,Harris
Katherine,White
Isabelle,Davis
Noah,Harris
Emma,Anderson
Oliver,Anderson
Basheer,Allen
Genevieve,Jones
Madeline,Allen
Zubair,White
Lucas,Jackson
Hamza,Jones
Isabelle,Allen
Dominique,Jones
William,Martin
James,Martinez
Salim,Johnson
Naseem,Davis
Harper,Thompson
Ameenah,Miller
Katherine,Thomas
Isabelle,White
Noah,Martin
Rafiq,Miller
Elijah,Johnson
Ameenah,Jackson
Fatimah,Miller
Amelia,Smith
Rafiq,Young
Ibrahim,Martinez
James,Taylor
Zubair,Taylor
Liam,Moore
Penelope,Miller
Harper,Allen
Mustafa,Allen
Penelope,Jones
Yasmeen,White
Elijah,Thomas
Isabelle,Jackson
Charlotte,Davis
Jamila,Garcia
Sophia,Moore
Lucas,Young
Madeline,White
Ismail,Moore
Naseem,Jackson
Benjamin,Jackson
Liam,White
Basheer,White
Yasmeen,Moore
Henry,Martinez
Hamza,Moore
Hamza,Martin
Benjamin,Harris
Stephanie,Jones
Faisal,Thomas
Cameron,Williams
William,Brown
Benjamin,White
Noah,Young
Fatimah,Young
Yasmeen,Martinez
Harper,Martinez
Mohammed,Thomas
Ibrahim,Thomas
Tariq,Miller
Ameenah,Brown
Benjamin,Davis
Madeline,Taylor
Mustafa,Smith
Samirah,Martinez
Cameron,Thompson
Jamila,Miller
Gabriella,Miller
Emma,Miller
Ismail,Garcia
Fatimah,Smith
Fatimah,Harris
Yasmeen,Williams
Penelope,Garcia
Amelia,Williams
Sophia,Johnson
Stephanie,White
Lucas,Garcia
Cameron,Martin
Hassan,Taylor
Henry,Moore
Olivia,Jackson
Nadira,Moore
Oliver,Martinez
Rafiq,Taylor
Aaliyah,Moore
Sophia,Garcia
Olivia,Miller
Ava,Moore
Basheer,Miller
Lucas,Thompson
Naseem,Miller
Genevieve,Allen
Elizabeth,Jones
Ismail,Thomas
Sophia,Miller
Ava,Williams
Faisal,Taylor
Mohammed,Smith
Emma,Jones
Jonathan,White
Isabella,Moore
Isabella,White
Zainab,White
Noah,White
Jonathan,Miller
Alexander,Davis
Henry,Anderson
Kareem,Thompson
Noah,Moore
Ava,Anderson
Yasmeen,Harris
James,Jones
Khadijah,Martin
Husna,Thompson
Elijah,Davis
Basheer,Jackson
Zachary,Johnson
Zachary,Allen
Emma,Smith
Cameron,Garcia
Penelope,Davis
Tariq,Brown
Basheer,Williams
Ameenah,Thomas
Elijah,Brown
Ibrahim,Smith
Cameron,Johnson
Cameron,Allen
Rashida,Harris
Charlotte,Martin
Charlotte,Moore
Cameron,Thomas
Zainab,Martin
Olivia,Thompson
Stephanie,Davis
Hassan,Thompson
Mia,Smith
Ibrahim,Martin
Zubair,Garcia
Ameenah,Anderson
Harper,Young
Nicholas,Martin
Ava,Davis
Nathaniel,Jones
Ibrahim,Allen
Husna,Johnson
Ibrahim,Jackson
Lucas,Johnson
Sophia,Thomas
Oliver,Smith
Katherine,Davis
Zainab,Young
Basheer,Brown
Zubair,Moore
Rashida,Williams
Mia,Taylor
Mustafa,Moore
Ameenah,Davis
Dominique,Martin
Noah,Taylor
Ameenah,Smith
Hamza,Smith
Nicholas,Garcia
Aaliyah,Johnson
Hassan,Garcia
Elijah,Jones
Ibrahim,Harris
Olivia,Martin
Noah,Brown
Faisal,Martinez
Liam,Garcia
Penelope,Young
Zubair,Jackson
Mustafa,Thomas
Noah,Martinez
Rashida,Garcia
Harper,Miller
Oliver,Brown
Elizabeth,Moore
Amelia,Jackson
Amelia,Allen
Faisal,Martin
Dominique,Thomas
Evelyn,Jones
Mustafa,Jackson
Ameenah,Moore
Harper,Thomas
William,Williams
Khadijah,Thomas
Evelyn,Johnson
Madeline,Garcia
Lucas,Thomas
Cameron,Taylor
Yasmeen,Garcia
Lucas,Harris
Gabriella,Brown
Faisal,Johnson
Hassan,Miller
Cameron,Harris
Ismail,Johnson
Kareem,Harris
Rafiq,Moore
Hassan,Young
Mustafa,Davis
Zachary,Davis
Alexander,Jones
James,Harris
Basheer,Thompson
Oliver,Davis
Husna,Miller
Henry,Taylor
Faisal,Brown
Isabelle,Young
Faisal,Moore
James,White
Rafiq,Johnson
Henry,Davis
Hamza,Anderson
William,Anderson
Husna,Jones
Zachary,Williams
Mia,Anderson
Mia,Jones
Mohammed,Brown
Alexander,Martin
Gabriella,Davis
Aaliyah,Martinez
Evelyn,Martinez
Zubair,Anderson
Olivia,Moore
Jamila,Young
Naseem,Taylor
Benjamin,Thomas
Liam,Johnson
Alexander,Garcia
Ibrahim,Johnson
Rafiq,Harris
Samirah,Allen
Lucas,Davis
Oliver,Allen
Kareem,Johnson
Jamila,Anderson
Benjamin,Jones
Madeline,Young
Emma,Garcia
Jonathan,Garcia
Khadijah,Taylor
Zubair,Martin
Hamza,Jackson
Basheer,Johnson
Zachary,Brown
Henry,Williams
Genevieve,Brown
Noah,Smith
Cameron,Smith
Tariq,Martinez
Nadira,Jones
Henry,White
Rashida,Jackson
Stephanie,Moore
Cameron,Martinez
Zubair,Thomas
Khadijah,Young
Emma,Martinez
Elizabeth,Brown
Nadira,Miller
Liam,Thomas
James,Martin
Salim,Thomas
Amelia,Brown
Ameenah,Martinez
Lucas,Taylor
Nadira,Johnson
Ameenah,Allen
Ava,Johnson
Harper,Anderson
Ameenah,Harris
Noah,Thomas
Hassan,White
Nathaniel,Harris
Salim,Taylor
Rashida,Davis
Ismail,Anderson
Lucas,Williams
Gabriella,Young
Olivia,Johnson
Isabelle,Smith
Emma,Davis
Husna,Martin
Noah,Jackson
Hassan,Davis
William,White
Jonathan,Allen
Mia,Davis
Nathaniel,Moore
Fatimah,Moore
Hamza,Young
Fatimah,Johnson
Elijah,Young
Zubair,Harris
Isabelle,Miller
Isabelle,Harris
Zachary,Martinez
Gabriella,Taylor
Khadijah,Jackson
Henry,Jones
Penelope,Moore
Naseem,Moore
Nadira,Young
Fatimah,White
Nathaniel,Thomas
Tariq,Davis
Oliver,Thompson
Jamila,Davis
Ameenah,Taylor
Ibrahim,Taylor
Nadira,Brown
Samirah,Davis
Ameenah,White
Penelope,White
Mustafa,White
Nicholas,Jones
Rafiq,Brown
Basheer,Jones
Yasmeen,Martin
Katherine,Smith
Husna,Martinez
Jonathan,Smith
Ava,Martinez
Evelyn,Moore
Mia,Young
Nathaniel,Allen
Emma,Thomas
Kareem,Young
Hassan,Jones
Mohammed,Martin
Cameron,Miller
Rafiq,Martinez
Salim,Harris
Olivia,Davis
Benjamin,Brown
Genevieve,Davis
Ibrahim,Williams
Zubair,Williams
Harper,Jackson
Husna,Allen
Olivia,Harris
Salim,Martinez
Ismail,Thompson
Amelia,Johnson
Kareem,Jackson
Oliver,Martin
Stephanie,Young
Ismail,Allen
Hamza,Allen
Mustafa,Taylor
Khadijah,Harris
Nathaniel,Brown
Cameron,Young
Olivia,Garcia
Basheer,Smith
Evelyn,Anderson
Hamza,Harris
Penelope,Harris
Amelia,White
Sophia,White
Charlotte,Harris
Zachary,Smith
Jamila,Brown
Naseem,Johnson
Samirah,Jackson
Zachary,Garcia
Elizabeth,Martin
Liam,Martinez
Faisal,Miller
Fatimah,Anderson
Amelia,Davis
Mia,Brown
Dominique,Miller
Lucas,Allen
Lucas,Brown
Olivia,Allen
Rashida,White
Madeline,Thomas
Zubair,Johnson
Basheer,Moore
Isabella,Davis
Liam,Davis
William,Garcia
Stephanie,Thomas
Evelyn,Garcia
Samirah,Garcia
Kareem,Jones
Isabella,Harris
Isabelle,Garcia
Genevieve,Harris
Jonathan,Thomas
Sophia,Martin
Katherine,Allen
Ismail,Brown
Henry,Johnson
Husna,Davis
James,Young
Nathaniel,Garcia
